{
  "_id":"_design/marketplace",
  "language": "javascript",
  "views":
  {
    "byServiceName": {
      "map": "function(doc) { if (doc.service.name) { emit(doc.service.name, {id: doc._id, serviceName: doc.service.name, serviceType: doc.service.type, description: doc.service.description, entityName: doc.entityName, price: doc.price, advertiserAddressScheme: doc.advertiserAddressScheme, advertiserAddress: doc.advertiserAddress, advertiserPortAddress: doc.advertiserPortAddress, _rev: doc._rev, }) } }"
    },
    "byServiceType": {
      "map": "function(doc) { if (doc.service.type) { emit(doc.service.type, {id: doc._id, serviceName: doc.service.name, serviceType: doc.service.type, description: doc.service.description, entityName: doc.entityName, price: doc.price, advertiserAddressScheme: doc.advertiserAddressScheme, advertiserAddress: doc.advertiserAddress, advertiserPortAddress: doc.advertiserPortAddress, _rev: doc._rev, }) } }"
    }, 
    "byID": {
      "map": "function(doc) { if (doc._id) { emit(doc._id, {id: doc._id, serviceName: doc.service.name, serviceType: doc.service.type, description: doc.service.description, entityName: doc.entityName, price: doc.price, advertiserAddressScheme: doc.advertiserAddressScheme, advertiserAddress: doc.advertiserAddress, advertiserPortAddress: doc.advertiserPortAddress, _rev: doc._rev, }) } }"
    },
  }
}
