<?xml version="1.0" encoding="UTF-8" standalone="no" ?> 
<listings>
	<advertisement id="1">
		<service>
			<name>NCSU-RENCI Transit</name>
			<type>Transit</type>
			<description>Transit service between NCSU and RENCI</description>
			<property>
				<name>Minimum Bandwidth (Mbps)</name>
				<value>750</value>
			</property>
			<srcLocation>
				<addressingScheme>Network</addressingScheme>
				<addressingValue>91.237.88.247</addressingValue>
			</srcLocation>
			<dstLocation>
				<addressingScheme>Network</addressingScheme>
				<addressingValue>64.207.147.106</addressingValue>
			</dstLocation>
		</service>
		<consideration>
			<method>BitCoin</method>
			<value>1200</value>
		</consideration>
		<economyPlane>
			<addressingScheme>UDPv4</addressingScheme>
			<addressingValue>10.1.1.1:8080</addressingValue>
			<advertiserName>AA</advertiserName>
		</economyPlane>
		<usePlane>
			<addressingScheme>UDPv4</addressingScheme>
			<addressingValue>10.1.1.1:8080</addressingValue>
		</usePlane>
	</advertisement>
</listings>